<?xml version="1.0" encoding="UTF-8"?>
<project-private xmlns="http://www.netbeans.org/ns/project-private/1">
    <editor-bookmarks xmlns="http://www.netbeans.org/ns/editor-bookmarks/2" lastBookmarkId="0"/>
    <open-files xmlns="http://www.netbeans.org/ns/projectui-open-files/2">
        <group>
            <file>file:/F:/Documents/Apps/MEGASync/Second/APPROVED/FIS/practices/P_5/ClinicaFIS/src/IUClinicaFIS/IUClinicaFIS.java</file>
            <file>file:/F:/Documents/Apps/MEGASync/Second/APPROVED/FIS/practices/P_5/ClinicaFIS/src/clinicafis/Cita.java</file>
            <file>file:/F:/Documents/Apps/MEGASync/Second/APPROVED/FIS/practices/P_5/ClinicaFIS/src/clinicafis/Medico.java</file>
            <file>file:/F:/Documents/Apps/MEGASync/Second/APPROVED/FIS/practices/P_5/ClinicaFIS/src/clinicafis/ClinicaFIS.java</file>
            <file>file:/F:/Documents/Apps/MEGASync/Second/APPROVED/FIS/practices/P_5/ClinicaFIS/src/clinicafis/Paciente.java</file>
        </group>
    </open-files>
</project-private>
