<?xml version="1.0" encoding="UTF-8"?>
<project-private xmlns="http://www.netbeans.org/ns/project-private/1">
    <editor-bookmarks xmlns="http://www.netbeans.org/ns/editor-bookmarks/2" lastBookmarkId="0"/>
    <open-files xmlns="http://www.netbeans.org/ns/projectui-open-files/2">
        <group>
            <file>file:/home/aanaya/Dropbox/Docencia/FIS/curso1617/Practicas/P5/CodigoAlumnos/ClinicaFIS/src/clinicafis/TipoEstado.java</file>
            <file>file:/home/aanaya/Dropbox/Docencia/FIS/curso1617/Practicas/P5/CodigoAlumnos/ClinicaFIS/src/IUClinicaFIS/IUClinicaFIS.java</file>
            <file>file:/home/aanaya/Dropbox/Docencia/FIS/curso1617/Practicas/P5/CodigoAlumnos/ClinicaFIS/src/clinicafis/Medico.java</file>
            <file>file:/home/aanaya/Dropbox/Docencia/FIS/curso1617/Practicas/P5/CodigoAlumnos/ClinicaFIS/src/clinicafis/ClinicaFIS.java</file>
            <file>file:/home/aanaya/Dropbox/Docencia/FIS/curso1617/Practicas/P5/CodigoAlumnos/ClinicaFIS/src/clinicafis/Cita.java</file>
        </group>
    </open-files>
</project-private>
